episodeNumber,steps,agentWinTheGame,agentKilledTheWumpus,agentHasGold,reward,alpha,gamma,epsilon,epsilonDecay
0,34,false,false,false,-5703.0,0.1,0.99,1.0,0.01
1,13,false,false,false,-3542.0,0.1,0.99,0.99,0.01
2,22,false,false,false,-5621.0,0.1,0.99,0.9801,0.01
3,12,false,false,false,-4561.0,0.1,0.99,0.9702989999999999,0.01
4,1,false,false,false,-2000.0,0.1,0.99,0.96059601,0.01
5,20,false,false,false,-4069.0,0.1,0.99,0.9509900498999999,0.01
6,41,false,false,false,-4290.0,0.1,0.99,0.9414801494009999,0.01
7,1,false,false,false,-2000.0,0.1,0.99,0.9320653479069899,0.01
8,7,false,false,false,-2516.0,0.1,0.99,0.92274469442792,0.01
9,1,false,false,false,-2000.0,0.1,0.99,0.9135172474836407,0.01
10,18,false,false,false,-2107.0,0.1,0.99,0.9043820750088043,0.01
11,19,false,false,false,-4108.0,0.1,0.99,0.8953382542587163,0.01
12,5,false,false,false,-2524.0,0.1,0.99,0.8863848717161291,0.01
13,2,false,false,false,-2011.0,0.1,0.99,0.8775210229989678,0.01
14,10,false,false,false,-2049.0,0.1,0.99,0.8687458127689781,0.01
15,17,false,false,false,-3586.0,0.1,0.99,0.8600583546412883,0.01
16,6,false,false,false,-2545.0,0.1,0.99,0.8514577710948754,0.01
17,21,false,false,false,-4100.0,0.1,0.99,0.8429431933839266,0.01
18,1,false,false,false,-2000.0,0.1,0.99,0.8345137614500874,0.01
19,3,false,false,false,-2022.0,0.1,0.99,0.8261686238355865,0.01
20,16,false,false,false,-5065.0,0.1,0.99,0.8179069375972307,0.01
21,6,false,false,false,-2525.0,0.1,0.99,0.8097278682212583,0.01
22,1,false,false,false,-2000.0,0.1,0.99,0.8016305895390458,0.01
23,8,false,false,false,-4027.0,0.1,0.99,0.7936142836436553,0.01
24,32,false,false,false,-3141.0,0.1,0.99,0.7856781408072188,0.01
25,9,false,false,false,-2528.0,0.1,0.99,0.7778213593991465,0.01
26,7,false,false,false,-3036.0,0.1,0.99,0.7700431458051551,0.01
27,2,false,false,false,-2001.0,0.1,0.99,0.7623427143471035,0.01
28,6,false,false,false,-2535.0,0.1,0.99,0.7547192872036325,0.01
29,1,false,false,false,-2000.0,0.1,0.99,0.7471720943315961,0.01
30,1,false,false,false,-2000.0,0.1,0.99,0.7397003733882802,0.01
31,14,false,false,false,-2053.0,0.1,0.99,0.7323033696543974,0.01
32,12,false,false,false,-3531.0,0.1,0.99,0.7249803359578534,0.01
33,8,false,false,false,-2047.0,0.1,0.99,0.7177305325982748,0.01
34,16,false,false,false,-2545.0,0.1,0.99,0.7105532272722921,0.01
35,5,false,false,false,-2014.0,0.1,0.99,0.7034476949995692,0.01
36,4,false,false,false,-2013.0,0.1,0.99,0.6964132180495735,0.01
37,15,false,false,false,-2584.0,0.1,0.99,0.6894490858690777,0.01
38,3,false,false,false,-2002.0,0.1,0.99,0.682554595010387,0.01
39,13,false,false,false,-2552.0,0.1,0.99,0.6757290490602831,0.01
40,10,false,false,false,-2079.0,0.1,0.99,0.6689717585696803,0.01
41,3,false,false,false,-2512.0,0.1,0.99,0.6622820409839835,0.01
42,40,false,false,false,-5179.0,0.1,0.99,0.6556592205741436,0.01
43,4,false,false,false,-3003.0,0.1,0.99,0.6491026283684022,0.01
44,9,false,false,false,-2028.0,0.1,0.99,0.6426116020847181,0.01
45,2,false,false,false,-2011.0,0.1,0.99,0.6361854860638709,0.01
46,10,false,false,false,-2529.0,0.1,0.99,0.6298236312032323,0.01
47,11,false,false,false,-2540.0,0.1,0.99,0.6235253948912,0.01
48,3,false,false,false,-2022.0,0.1,0.99,0.617290140942288,0.01
49,65,false,false,false,-7724.0,0.1,0.99,0.6111172395328651,0.01
50,7,false,false,false,-2036.0,0.1,0.99,0.6050060671375365,0.01
51,3,false,false,false,-2002.0,0.1,0.99,0.5989560064661611,0.01
52,16,false,false,false,-2535.0,0.1,0.99,0.5929664464014994,0.01
53,4,false,false,false,-2003.0,0.1,0.99,0.5870367819374844,0.01
54,44,false,false,false,-4173.0,0.1,0.99,0.5811664141181095,0.01
55,9,false,false,false,-3508.0,0.1,0.99,0.5753547499769285,0.01
56,1,false,false,false,-2000.0,0.1,0.99,0.5696012024771592,0.01
57,11,false,false,false,-3030.0,0.1,0.99,0.5639051904523876,0.01
58,15,false,false,false,-2564.0,0.1,0.99,0.5582661385478638,0.01
59,12,false,false,false,-3561.0,0.1,0.99,0.5526834771623851,0.01
60,48,false,false,false,-3207.0,0.1,0.99,0.5471566423907612,0.01
61,5,false,false,false,-2014.0,0.1,0.99,0.5416850759668536,0.01
62,43,false,false,false,-2212.0,0.1,0.99,0.536268225207185,0.01
63,12,false,false,false,-3021.0,0.1,0.99,0.5309055429551132,0.01
64,4,false,false,false,-2503.0,0.1,0.99,0.525596487525562,0.01
65,2,false,false,false,-2501.0,0.1,0.99,0.5203405226503064,0.01
66,18,false,false,false,-3047.0,0.1,0.99,0.5151371174238033,0.01
67,11,false,false,false,-2030.0,0.1,0.99,0.5099857462495653,0.01
68,5,false,false,false,-2024.0,0.1,0.99,0.5048858887870696,0.01
69,8,false,false,false,-3017.0,0.1,0.99,0.4998370298991989,0.01
70,13,false,false,false,-2042.0,0.1,0.99,0.49483865960020695,0.01
71,6,false,false,false,-3015.0,0.1,0.99,0.4898902730042049,0.01
72,16,false,false,false,-2055.0,0.1,0.99,0.48499137027416284,0.01
73,1,false,false,false,-2000.0,0.1,0.99,0.4801414565714212,0.01
74,25,false,false,false,-3124.0,0.1,0.99,0.475340042005707,0.01
75,4,false,false,false,-2503.0,0.1,0.99,0.47058664158564995,0.01
76,13,false,false,false,-2542.0,0.1,0.99,0.4658807751697934,0.01
77,11,false,false,false,-2020.0,0.1,0.99,0.4612219674180955,0.01
78,6,false,false,false,-2005.0,0.1,0.99,0.45660974774391455,0.01
79,20,false,false,false,-2549.0,0.1,0.99,0.4520436502664754,0.01
80,30,false,false,false,-3129.0,0.1,0.99,0.44752321376381066,0.01
81,2,false,false,false,-2001.0,0.1,0.99,0.44304798162617254,0.01
82,39,false,false,false,-6118.0,0.1,0.99,0.4386175018099108,0.01
83,3,false,false,false,-2002.0,0.1,0.99,0.4342313267918117,0.01
84,27,false,false,false,-2116.0,0.1,0.99,0.4298890135238936,0.01
85,36,false,false,false,-2095.0,0.1,0.99,0.42559012338865465,0.01
86,39,false,false,false,-2598.0,0.1,0.99,0.4213342221547681,0.01
87,10,false,false,false,-2029.0,0.1,0.99,0.41712087993322045,0.01
88,10,false,false,false,-2019.0,0.1,0.99,0.41294967113388825,0.01
89,1,false,false,false,-2000.0,0.1,0.99,0.40882017442254937,0.01
90,17,false,false,false,-2046.0,0.1,0.99,0.4047319726783239,0.01
91,72,false,false,false,-5201.0,0.1,0.99,0.40068465295154065,0.01
92,24,false,true,false,-3043.0,0.1,0.99,0.39667780642202527,0.01
93,8,false,false,false,-2037.0,0.1,0.99,0.392711028357805,0.01
94,22,false,false,false,-3061.0,0.1,0.99,0.38878391807422696,0.01
95,44,false,false,false,-3653.0,0.1,0.99,0.3848960788934847,0.01
96,1,false,false,false,-2000.0,0.1,0.99,0.38104711810454983,0.01
97,7,false,false,false,-2506.0,0.1,0.99,0.37723664692350434,0.01
98,17,false,false,false,-3046.0,0.1,0.99,0.37346428045426927,0.01
99,3,false,false,false,-2502.0,0.1,0.99,0.36972963764972655,0.01
100,11,false,false,false,-2040.0,0.1,0.99,0.36603234127322926,0.01
101,40,false,false,false,-2109.0,0.1,0.99,0.36237201786049694,0.01
102,5,false,false,false,-2504.0,0.1,0.99,0.358748297681892,0.01
103,21,false,false,false,-2550.0,0.1,0.99,0.35516081470507305,0.01
104,44,false,false,false,-2113.0,0.1,0.99,0.3516092065580223,0.01
105,3,false,false,false,-2502.0,0.1,0.99,0.34809311449244207,0.01
106,50,false,false,false,-3599.0,0.1,0.99,0.34461218334751764,0.01
107,3,false,false,false,-2002.0,0.1,0.99,0.34116606151404244,0.01
108,2,false,false,false,-2001.0,0.1,0.99,0.337754400898902,0.01
109,49,false,false,false,-4138.0,0.1,0.99,0.334376856889913,0.01
110,9,false,false,false,-2018.0,0.1,0.99,0.33103308832101386,0.01
111,54,false,false,false,-4653.0,0.1,0.99,0.3277227574378037,0.01
112,60,false,false,false,-4149.0,0.1,0.99,0.3244455298634257,0.01
113,8,false,false,false,-3507.0,0.1,0.99,0.3212010745647914,0.01
114,5,false,false,false,-2504.0,0.1,0.99,0.3179890638191435,0.01
115,34,false,true,false,-5053.0,0.1,0.99,0.31480917318095203,0.01
116,30,false,false,false,-2559.0,0.1,0.99,0.3116610814491425,0.01
117,23,false,false,false,-2062.0,0.1,0.99,0.30854447063465107,0.01
118,16,false,false,false,-2065.0,0.1,0.99,0.30545902592830454,0.01
119,3,false,false,false,-2002.0,0.1,0.99,0.3024044356690215,0.01
120,72,false,false,false,-4661.0,0.1,0.99,0.29938039131233124,0.01
121,23,false,false,false,-2102.0,0.1,0.99,0.2963865873992079,0.01
122,75,false,false,false,-4214.0,0.1,0.99,0.29342272152521587,0.01
123,14,false,false,false,-2523.0,0.1,0.99,0.2904884943099637,0.01
124,52,false,false,false,-2101.0,0.1,0.99,0.28758360936686406,0.01
125,36,false,false,false,-3065.0,0.1,0.99,0.2847077732731954,0.01
126,87,false,false,false,-4726.0,0.1,0.99,0.28186069554046345,0.01
127,19,false,false,false,-2538.0,0.1,0.99,0.2790420885850588,0.01
128,18,false,false,false,-2027.0,0.1,0.99,0.2762516676992082,0.01
129,50,false,false,false,-2189.0,0.1,0.99,0.27348915102221616,0.01
130,15,false,false,false,-2024.0,0.1,0.99,0.270754259511994,0.01
131,52,false,false,false,-4641.0,0.1,0.99,0.26804671691687404,0.01
132,34,false,false,false,-2053.0,0.1,0.99,0.2653662497477053,0.01
133,44,false,false,false,-3603.0,0.1,0.99,0.2627125872502282,0.01
134,105,false,false,false,-3194.0,0.1,0.99,0.2600854613777259,0.01
135,32,false,false,false,-2071.0,0.1,0.99,0.2574846067639487,0.01
136,33,false,false,false,-2572.0,0.1,0.99,0.2549097606963092,0.01
137,1,false,false,false,-2000.0,0.1,0.99,0.2523606630893461,0.01
138,18,false,false,false,-3047.0,0.1,0.99,0.24983705645845267,0.01
139,74,false,false,false,-4673.0,0.1,0.99,0.24733868589386815,0.01
140,81,false,false,false,-4210.0,0.1,0.99,0.24486529903492946,0.01
141,92,false,false,false,-3161.0,0.1,0.99,0.24241664604458016,0.01
142,80,false,false,false,-4159.0,0.1,0.99,0.23999247958413436,0.01
143,17,false,false,false,-2526.0,0.1,0.99,0.23759255478829303,0.01
144,15,false,false,false,-2524.0,0.1,0.99,0.2352166292404101,0.01
145,40,false,false,false,-3589.0,0.1,0.99,0.232864462948006,0.01
146,48,false,false,false,-4137.0,0.1,0.99,0.23053581831852593,0.01
147,8,false,false,false,-2007.0,0.1,0.99,0.22823046013534068,0.01
148,5,false,false,false,-2014.0,0.1,0.99,0.22594815553398728,0.01
149,106,false,false,false,-5255.0,0.1,0.99,0.22368867397864742,0.01
150,4,false,false,false,-2003.0,0.1,0.99,0.22145178723886094,0.01
151,63,false,false,false,-3602.0,0.1,0.99,0.21923726936647234,0.01
152,19,false,false,false,-2558.0,0.1,0.99,0.2170448966728076,0.01
153,22,false,true,false,-4081.0,0.1,0.99,0.21487444770607952,0.01
154,39,false,false,false,-3098.0,0.1,0.99,0.21272570322901874,0.01
155,11,false,false,false,-2010.0,0.1,0.99,0.21059844619672854,0.01
156,70,false,false,false,-5149.0,0.1,0.99,0.20849246173476127,0.01
157,18,false,false,false,-2537.0,0.1,0.99,0.20640753711741366,0.01
158,13,false,false,false,-2532.0,0.1,0.99,0.20434346174623952,0.01
159,49,false,false,false,-2098.0,0.1,0.99,0.20230002712877712,0.01
160,18,false,false,false,-2037.0,0.1,0.99,0.20027702685748935,0.01
161,17,false,true,false,-3036.0,0.1,0.99,0.19827425658891445,0.01
162,61,false,false,false,-3640.0,0.1,0.99,0.1962915140230253,0.01
163,45,false,false,false,-2574.0,0.1,0.99,0.19432859888279505,0.01
164,10,false,false,false,-2009.0,0.1,0.99,0.1923853128939671,0.01
165,14,false,false,false,-2023.0,0.1,0.99,0.19046145976502743,0.01
166,77,false,false,false,-2746.0,0.1,0.99,0.18855684516737714,0.01
167,13,false,false,false,-2022.0,0.1,0.99,0.18667127671570335,0.01
168,33,false,false,false,-2082.0,0.1,0.99,0.18480456394854633,0.01
169,1,false,false,false,-2000.0,0.1,0.99,0.18295651830906087,0.01
170,12,false,false,false,-2011.0,0.1,0.99,0.18112695312597027,0.01
171,26,false,false,false,-2555.0,0.1,0.99,0.17931568359471056,0.01
172,130,false,false,false,-4249.0,0.1,0.99,0.17752252675876345,0.01
173,2,false,false,false,-2001.0,0.1,0.99,0.17574730149117582,0.01
174,16,false,false,false,-2035.0,0.1,0.99,0.17398982847626407,0.01
175,59,false,false,false,-2628.0,0.1,0.99,0.17224993019150142,0.01
176,11,false,false,false,-2030.0,0.1,0.99,0.1705274308895864,0.01
177,253,false,false,false,-9512.0,0.1,0.99,0.16882215658069055,0.01
178,54,false,false,false,-2113.0,0.1,0.99,0.16713393501488363,0.01
179,18,false,false,false,-2037.0,0.1,0.99,0.16546259566473479,0.01
180,44,false,true,false,-3193.0,0.1,0.99,0.16380796970808745,0.01
181,127,false,false,false,-3766.0,0.1,0.99,0.16216989001100657,0.01
182,6,false,false,false,-2005.0,0.1,0.99,0.1605481911108965,0.01
183,91,false,false,false,-2220.0,0.1,0.99,0.15894270919978754,0.01
184,22,false,true,false,-3031.0,0.1,0.99,0.15735328210778965,0.01
185,68,false,false,false,-3107.0,0.1,0.99,0.15577974928671176,0.01
186,46,false,false,false,-2575.0,0.1,0.99,0.15422195179384465,0.01
187,94,false,true,true,-5253.0,0.1,0.99,0.1526797322759062,0.01
188,44,false,false,false,-2073.0,0.1,0.99,0.15115293495314713,0.01
189,111,false,false,false,-3230.0,0.1,0.99,0.14964140560361566,0.01
190,21,false,false,false,-2540.0,0.1,0.99,0.1481449915475795,0.01
191,33,false,false,false,-2092.0,0.1,0.99,0.1466635416321037,0.01
192,42,false,false,false,-3071.0,0.1,0.99,0.14519690621578268,0.01
193,135,false,false,false,-3264.0,0.1,0.99,0.14374493715362485,0.01
194,59,false,false,false,-2598.0,0.1,0.99,0.1423074877820886,0.01
195,18,false,true,false,-3527.0,0.1,0.99,0.1408844129042677,0.01
196,66,false,false,false,-3165.0,0.1,0.99,0.13947556877522502,0.01
197,58,false,false,false,-2597.0,0.1,0.99,0.13808081308747278,0.01
198,6,false,false,false,-2015.0,0.1,0.99,0.13670000495659804,0.01
199,40,false,false,false,-2559.0,0.1,0.99,0.13533300490703207,0.01
200,22,false,false,false,-2541.0,0.1,0.99,0.13397967485796175,0.01
201,8,false,false,false,-2007.0,0.1,0.99,0.13263987810938213,0.01
202,61,false,true,false,-3630.0,0.1,0.99,0.1313134793282883,0.01
203,54,false,false,false,-2113.0,0.1,0.99,0.13000034453500542,0.01
204,40,false,false,false,-2579.0,0.1,0.99,0.12870034108965536,0.01
205,10,false,false,false,-2529.0,0.1,0.99,0.12741333767875881,0.01
206,1,false,false,false,-2000.0,0.1,0.99,0.12613920430197123,0.01
207,233,false,false,false,-4462.0,0.1,0.99,0.12487781225895152,0.01
208,124,false,false,false,-2753.0,0.1,0.99,0.123629034136362,0.01
209,6,false,false,false,-2005.0,0.1,0.99,0.12239274379499838,0.01
210,16,false,false,false,-2065.0,0.1,0.99,0.1211688163570484,0.01
211,27,false,true,false,-2036.0,0.1,0.99,0.11995712819347792,0.01
212,40,false,false,false,-2079.0,0.1,0.99,0.11875755691154315,0.01
213,143,false,false,false,-3752.0,0.1,0.99,0.11756998134242772,0.01
214,40,false,true,false,-2559.0,0.1,0.99,0.11639428152900344,0.01
215,207,false,false,false,-4916.0,0.1,0.99,0.11523033871371341,0.01
216,62,false,false,false,-2601.0,0.1,0.99,0.11407803532657627,0.01
217,30,false,false,false,-2059.0,0.1,0.99,0.11293725497331052,0.01
218,69,false,false,false,-3158.0,0.1,0.99,0.1118078824235774,0.01
219,10,false,false,false,-2009.0,0.1,0.99,0.11068980359934164,0.01
220,65,false,false,false,-4104.0,0.1,0.99,0.10958290556334822,0.01
221,77,false,true,true,-4246.0,0.1,0.99,0.10848707650771475,0.01
222,123,false,false,false,-2252.0,0.1,0.99,0.1074022057426376,0.01
223,91,false,false,false,-3720.0,0.1,0.99,0.10632818368521123,0.01
224,16,false,false,false,-2015.0,0.1,0.99,0.10526490184835911,0.01
225,56,false,true,false,-2095.0,0.1,0.99,0.10421225282987552,0.01
226,40,false,false,false,-2059.0,0.1,0.99,0.10317013030157676,0.01
227,17,false,false,false,-2036.0,0.1,0.99,0.10213842899856099,0.01
228,70,false,false,false,-3149.0,0.1,0.99,0.10111704470857538,0.01
229,43,false,false,false,-3082.0,0.1,0.99,0.10010587426148963,0.01
230,3,false,false,false,-2002.0,0.1,0.99,0.09910481551887473,0.01
231,124,false,false,false,-2803.0,0.1,0.99,0.09811376736368599,0.01
232,17,false,false,false,-2016.0,0.1,0.99,0.09713262969004913,0.01
233,16,false,false,false,-2525.0,0.1,0.99,0.09616130339314863,0.01
234,84,false,true,true,-3713.0,0.1,0.99,0.09519969035921715,0.01
235,17,false,false,false,-2016.0,0.1,0.99,0.09424769345562498,0.01
236,2,false,false,false,-2001.0,0.1,0.99,0.09330521652106873,0.01
237,132,false,true,true,-5351.0,0.1,0.99,0.09237216435585804,0.01
238,78,false,true,false,-3617.0,0.1,0.99,0.09144844271229946,0.01
239,17,false,false,false,-2526.0,0.1,0.99,0.09053395828517646,0.01
240,15,false,false,false,-2524.0,0.1,0.99,0.08962861870232469,0.01
241,78,false,false,false,-2137.0,0.1,0.99,0.08873233251530144,0.01
242,149,false,false,false,-2758.0,0.1,0.99,0.08784500919014843,0.01
243,119,false,true,true,-4328.0,0.1,0.99,0.08696655909824694,0.01
244,10,false,false,false,-2009.0,0.1,0.99,0.08609689350726446,0.01
245,192,false,false,false,-3371.0,0.1,0.99,0.08523592457219181,0.01
246,99,false,false,false,-2168.0,0.1,0.99,0.0843835653264699,0.01
247,154,false,true,true,-4253.0,0.1,0.99,0.0835397296732052,0.01
248,189,false,true,true,-4298.0,0.1,0.99,0.08270433237647315,0.01
249,298,false,false,false,-4047.0,0.1,0.99,0.08187728905270841,0.01
250,22,false,false,false,-2061.0,0.1,0.99,0.08105851616218133,0.01
251,100,false,false,false,-3199.0,0.1,0.99,0.08024793100055952,0.01
252,91,false,false,false,-3160.0,0.1,0.99,0.07944545169055392,0.01
253,148,false,true,true,-4737.0,0.1,0.99,0.07865099717364837,0.01
254,25,false,false,false,-2054.0,0.1,0.99,0.07786448720191189,0.01
255,264,false,false,false,-3503.0,0.1,0.99,0.07708584232989277,0.01
256,61,false,false,false,-2090.0,0.1,0.99,0.07631498390659384,0.01
257,139,true,true,true,132.0,0.1,0.99,0.07555183406752791,0.01
258,37,false,true,false,-2046.0,0.1,0.99,0.07479631572685264,0.01
259,32,false,true,false,-2041.0,0.1,0.99,0.07404835256958411,0.01
260,12,false,false,false,-2511.0,0.1,0.99,0.07330786904388827,0.01
261,64,false,true,false,-2623.0,0.1,0.99,0.07257479035344938,0.01
262,324,false,false,false,-3653.0,0.1,0.99,0.07184904244991488,0.01
263,49,false,false,false,-2578.0,0.1,0.99,0.07113055202541574,0.01
264,144,true,true,true,677.0,0.1,0.99,0.07041924650516158,0.01
265,77,false,false,false,-2146.0,0.1,0.99,0.06971505404010997,0.01
266,102,false,false,false,-3191.0,0.1,0.99,0.06901790349970886,0.01
267,97,true,true,true,1774.0,0.1,0.99,0.06832772446471178,0.01
268,71,false,true,false,-2170.0,0.1,0.99,0.06764444722006466,0.01
269,138,true,true,true,1763.0,0.1,0.99,0.066968002747864,0.01
270,116,true,true,true,1845.0,0.1,0.99,0.06629832272038537,0.01
271,22,false,false,false,-2031.0,0.1,0.99,0.06563533949318151,0.01
272,110,false,false,false,-4699.0,0.1,0.99,0.06497898609824969,0.01
273,44,false,false,false,-2063.0,0.1,0.99,0.0643291962372672,0.01
274,78,false,false,false,-2167.0,0.1,0.99,0.06368590427489453,0.01
275,126,true,true,true,1815.0,0.1,0.99,0.06304904523214558,0.01
276,104,true,true,true,837.0,0.1,0.99,0.06241855477982412,0.01
277,81,true,true,true,1900.0,0.1,0.99,0.06179436923202588,0.01
278,53,false,true,false,-2112.0,0.1,0.99,0.06117642553970562,0.01
279,4,false,false,false,-2003.0,0.1,0.99,0.06056466128430856,0.01
280,123,true,true,true,1718.0,0.1,0.99,0.05995901467146548,0.01
281,101,false,false,false,-2190.0,0.1,0.99,0.05935942452475082,0.01
282,89,false,false,false,-2638.0,0.1,0.99,0.058765830279503314,0.01
283,331,false,false,false,-3600.0,0.1,0.99,0.05817817197670828,0.01
284,250,false,false,false,-3949.0,0.1,0.99,0.057596390256941195,0.01
285,73,true,true,true,1828.0,0.1,0.99,0.05702042635437178,0.01
286,36,false,false,false,-2585.0,0.1,0.99,0.05645022209082806,0.01
287,506,false,false,false,-5845.0,0.1,0.99,0.05588571986991978,0.01
288,24,false,true,false,-2553.0,0.1,0.99,0.055326862671220584,0.01
289,46,false,true,false,-3115.0,0.1,0.99,0.05477359404450838,0.01
290,405,false,false,false,-4244.0,0.1,0.99,0.054225858104063294,0.01
291,66,false,false,false,-2595.0,0.1,0.99,0.05368359952302266,0.01
292,91,false,false,false,-2660.0,0.1,0.99,0.053146763527792434,0.01
293,38,false,true,false,-2067.0,0.1,0.99,0.052615295892514506,0.01
294,88,false,false,false,-2677.0,0.1,0.99,0.052089142933589364,0.01
295,84,true,true,true,1847.0,0.1,0.99,0.05156825150425347,0.01
296,12,false,false,false,-2011.0,0.1,0.99,0.051052568989210935,0.01
297,149,false,false,false,-3728.0,0.1,0.99,0.05054204329931883,0.01
298,939,false,false,false,-4078.0,0.1,0.99,0.05003662286632564,0.01
299,86,true,true,true,1815.0,0.1,0.99,0.04953625663766238,0.01
300,489,false,false,false,-4338.0,0.1,0.99,0.04904089407128576,0.01
301,3,false,false,false,-2002.0,0.1,0.99,0.0485504851305729,0.01
302,86,true,true,true,1865.0,0.1,0.99,0.048064980279267165,0.01
303,26,false,true,false,-2035.0,0.1,0.99,0.04758433047647449,0.01
304,163,false,false,false,-2242.0,0.1,0.99,0.04710848717170975,0.01
305,18,false,false,false,-2027.0,0.1,0.99,0.04663740229999265,0.01
306,274,false,false,false,-2933.0,0.1,0.99,0.04617102827699272,0.01
307,39,true,true,true,1932.0,0.1,0.99,0.045709317994222794,0.01
308,81,true,true,true,1900.0,0.1,0.99,0.04525222481428057,0.01
309,82,true,true,true,1379.0,0.1,0.99,0.04479970256613776,0.01
310,40,false,true,false,-2049.0,0.1,0.99,0.04435170554047638,0.01
311,69,true,true,true,1842.0,0.1,0.99,0.043908188485071616,0.01
312,83,true,true,true,778.0,0.1,0.99,0.0434691066002209,0.01
313,73,true,true,true,1858.0,0.1,0.99,0.04303441553421869,0.01
314,80,true,true,true,1361.0,0.1,0.99,0.0426040713788765,0.01
315,33,false,false,false,-2052.0,0.1,0.99,0.04217803066508773,0.01
316,64,true,true,true,1867.0,0.1,0.99,0.04175625035843686,0.01
317,3,false,false,false,-2012.0,0.1,0.99,0.041338687854852486,0.01
318,180,false,false,false,-3309.0,0.1,0.99,0.04092530097630396,0.01
319,61,true,true,true,1890.0,0.1,0.99,0.040516047966540916,0.01
320,70,true,true,true,1881.0,0.1,0.99,0.04011088748687551,0.01
321,152,false,false,false,-2251.0,0.1,0.99,0.03970977861200675,0.01
322,66,true,true,true,1895.0,0.1,0.99,0.03931268082588668,0.01
323,59,true,true,true,1932.0,0.1,0.99,0.03891955401762781,0.01
324,50,true,true,true,1921.0,0.1,0.99,0.03853035847745153,0.01
325,3,false,false,false,-2002.0,0.1,0.99,0.03814505489267701,0.01
326,23,false,true,false,-2032.0,0.1,0.99,0.03776360434375024,0.01
327,61,true,true,true,1910.0,0.1,0.99,0.03738596830031274,0.01
328,261,false,false,false,-2930.0,0.1,0.99,0.03701210861730961,0.01
329,24,false,true,false,-2033.0,0.1,0.99,0.03664198753113651,0.01
330,44,true,true,true,1937.0,0.1,0.99,0.036275567655825146,0.01
331,50,true,true,true,1911.0,0.1,0.99,0.03591281197926689,0.01
332,5,false,false,false,-2504.0,0.1,0.99,0.035553683859474224,0.01
333,60,true,true,true,871.0,0.1,0.99,0.03519814702087948,0.01
334,63,true,true,true,1838.0,0.1,0.99,0.03484616555067068,0.01
335,538,false,false,false,-5327.0,0.1,0.99,0.034497703895163975,0.01
336,53,true,true,true,1888.0,0.1,0.99,0.03415272685621234,0.01
337,8,false,false,false,-2507.0,0.1,0.99,0.03381119958765021,0.01
338,54,true,true,true,1897.0,0.1,0.99,0.03347308759177371,0.01
339,36,true,true,true,1945.0,0.1,0.99,0.03313835671585597,0.01
340,44,true,true,true,1947.0,0.1,0.99,0.03280697314869741,0.01
341,55,true,true,true,1406.0,0.1,0.99,0.032478903417210436,0.01
342,41,true,true,true,1940.0,0.1,0.99,0.032154114383038335,0.01
343,52,true,true,true,1919.0,0.1,0.99,0.03183257323920795,0.01
344,41,true,true,true,1950.0,0.1,0.99,0.03151424750681587,0.01
345,34,true,true,true,1957.0,0.1,0.99,0.03119910503174771,0.01
346,35,true,true,true,1956.0,0.1,0.99,0.030887113981430233,0.01
347,35,true,true,true,1946.0,0.1,0.99,0.03057824284161593,0.01
348,54,true,true,true,1417.0,0.1,0.99,0.03027246041319977,0.01
349,24,true,true,true,1967.0,0.1,0.99,0.029969735809067772,0.01
350,48,true,true,true,1893.0,0.1,0.99,0.029670038450977095,0.01
351,40,true,true,true,1891.0,0.1,0.99,0.029373338066467324,0.01
352,39,true,true,true,1942.0,0.1,0.99,0.02907960468580265,0.01
353,36,true,true,true,1445.0,0.1,0.99,0.028788808638944622,0.01
354,38,true,true,true,1953.0,0.1,0.99,0.028500920552555174,0.01
355,97,false,false,false,-2646.0,0.1,0.99,0.028215911347029624,0.01
356,26,true,true,true,1955.0,0.1,0.99,0.027933752233559327,0.01
357,25,true,true,true,1966.0,0.1,0.99,0.027654414711223735,0.01
358,39,true,true,true,1952.0,0.1,0.99,0.027377870564111496,0.01
359,285,false,false,false,-3414.0,0.1,0.99,0.027104091858470382,0.01
360,30,true,true,true,1951.0,0.1,0.99,0.026833050939885677,0.01
361,29,true,true,true,1952.0,0.1,0.99,0.02656472043048682,0.01
362,136,false,false,false,-2235.0,0.1,0.99,0.02629907322618195,0.01
363,297,false,false,false,-2946.0,0.1,0.99,0.026036082493920133,0.01
364,27,true,true,true,1964.0,0.1,0.99,0.02577572166898093,0.01
365,25,true,true,true,1966.0,0.1,0.99,0.025517964452291122,0.01
366,31,true,true,true,1960.0,0.1,0.99,0.02526278480776821,0.01
367,30,true,true,true,1961.0,0.1,0.99,0.025010156959690527,0.01
368,21,true,true,true,1970.0,0.1,0.99,0.02476005539009362,0.01
369,528,false,false,false,-3267.0,0.1,0.99,0.024512454836192684,0.01
370,35,true,true,true,1956.0,0.1,0.99,0.024267330287830756,0.01
371,27,true,true,true,1964.0,0.1,0.99,0.024024656984952448,0.01
372,22,true,true,true,1959.0,0.1,0.99,0.023784410415102923,0.01
373,27,true,true,true,1964.0,0.1,0.99,0.023546566310951894,0.01
374,27,true,true,true,1944.0,0.1,0.99,0.023311100647842375,0.01
375,21,true,true,true,1970.0,0.1,0.99,0.02307798964136395,0.01
376,26,true,true,true,1965.0,0.1,0.99,0.022847209744950314,0.01
377,374,false,false,false,-3063.0,0.1,0.99,0.02261873764750081,0.01
378,22,true,true,true,1969.0,0.1,0.99,0.022392550271025803,0.01
379,22,true,true,true,1969.0,0.1,0.99,0.022168624768315544,0.01
380,20,true,true,true,1971.0,0.1,0.99,0.02194693852063239,0.01
381,27,true,true,true,1964.0,0.1,0.99,0.021727469135426065,0.01
382,21,true,true,true,1970.0,0.1,0.99,0.021510194444071803,0.01
383,20,true,true,true,1971.0,0.1,0.99,0.021295092499631085,0.01
384,25,true,true,true,1966.0,0.1,0.99,0.021082141574634772,0.01
385,20,true,true,true,1971.0,0.1,0.99,0.020871320158888425,0.01
386,21,true,true,true,1970.0,0.1,0.99,0.020662606957299542,0.01
387,20,false,true,true,-2029.0,0.1,0.99,0.020455980887726547,0.01
388,23,true,true,true,968.0,0.1,0.99,0.02025142107884928,0.01
389,21,true,true,true,1970.0,0.1,0.99,0.020048906868060788,0.01
390,20,true,true,true,1971.0,0.1,0.99,0.01984841779938018,0.01
391,20,true,true,true,1971.0,0.1,0.99,0.019649933621386378,0.01
392,21,true,true,true,1970.0,0.1,0.99,0.019453434285172513,0.01
393,20,true,true,true,1971.0,0.1,0.99,0.019258899942320787,0.01
394,20,true,true,true,1971.0,0.1,0.99,0.01906631094289758,0.01
395,20,true,true,true,1971.0,0.1,0.99,0.018875647833468602,0.01
396,21,true,true,true,1960.0,0.1,0.99,0.018686891355133916,0.01
397,20,true,true,true,1971.0,0.1,0.99,0.018500022441582577,0.01
398,20,true,true,true,1971.0,0.1,0.99,0.01831502221716675,0.01
399,21,true,true,true,1470.0,0.1,0.99,0.018131871994995084,0.01
400,20,true,true,true,1971.0,0.1,0.99,0.017950553275045134,0.01
401,20,true,true,true,1971.0,0.1,0.99,0.017771047742294682,0.01
402,22,true,true,true,1949.0,0.1,0.99,0.017593337264871736,0.01
403,21,true,true,true,1960.0,0.1,0.99,0.01741740389222302,0.01
404,21,true,true,true,1970.0,0.1,0.99,0.01724322985330079,0.01
405,20,true,true,true,1971.0,0.1,0.99,0.017070797554767782,0.01
406,21,true,true,true,1960.0,0.1,0.99,0.016900089579220106,0.01
407,21,true,true,true,1960.0,0.1,0.99,0.016731088683427906,0.01
408,23,true,true,true,1948.0,0.1,0.99,0.016563777796593626,0.01
409,21,true,true,true,1960.0,0.1,0.99,0.016398140018627688,0.01
410,20,true,true,true,1971.0,0.1,0.99,0.01623415861844141,0.01
411,22,true,true,true,1959.0,0.1,0.99,0.016071817032256998,0.01
412,20,true,true,true,1971.0,0.1,0.99,0.01591109886193443,0.01
413,20,true,true,true,1971.0,0.1,0.99,0.015751987873315085,0.01
414,23,true,true,true,1958.0,0.1,0.99,0.015594467994581935,0.01
415,20,true,true,true,1971.0,0.1,0.99,0.015438523314636115,0.01
416,20,true,true,true,1971.0,0.1,0.99,0.015284138081489753,0.01
417,20,true,true,true,1971.0,0.1,0.99,0.015131296700674856,0.01
418,21,true,true,true,1960.0,0.1,0.99,0.014979983733668108,0.01
419,20,true,true,true,1971.0,0.1,0.99,0.014830183896331426,0.01
420,2,false,false,false,-2001.0,0.1,0.99,0.014681882057368112,0.01
421,20,true,true,true,1971.0,0.1,0.99,0.01453506323679443,0.01
422,20,true,true,true,1971.0,0.1,0.99,0.014389712604426485,0.01
423,20,true,true,true,1971.0,0.1,0.99,0.01424581547838222,0.01
424,20,true,true,true,1971.0,0.1,0.99,0.014103357323598397,0.01
425,20,true,true,true,1971.0,0.1,0.99,0.013962323750362413,0.01
426,20,true,true,true,1971.0,0.1,0.99,0.013822700512858789,0.01
427,21,true,true,true,1970.0,0.1,0.99,0.0136844735077302,0.01
428,20,true,true,true,1971.0,0.1,0.99,0.013547628772652899,0.01
429,20,true,true,true,1971.0,0.1,0.99,0.01341215248492637,0.01
430,20,true,true,true,1971.0,0.1,0.99,0.013278030960077106,0.01
431,20,true,true,true,1971.0,0.1,0.99,0.013145250650476335,0.01
432,20,true,true,true,1971.0,0.1,0.99,0.01301379814397157,0.01
433,20,true,true,true,1971.0,0.1,0.99,0.012883660162531854,0.01
434,20,true,true,true,1971.0,0.1,0.99,0.012754823560906535,0.01
435,20,true,true,true,1971.0,0.1,0.99,0.01262727532529747,0.01
436,21,true,true,true,1960.0,0.1,0.99,0.012501002572044496,0.01
437,15,false,true,true,-2024.0,0.1,0.99,0.01237599254632405,0.01
438,4215,false,false,false,-9764.0,0.1,0.99,0.01225223262086081,0.01
439,20,true,true,true,1971.0,0.1,0.99,0.012129710294652202,0.01
440,21,true,true,true,1960.0,0.1,0.99,0.01200841319170568,0.01
441,20,true,true,true,1971.0,0.1,0.99,0.011888329059788623,0.01
442,20,true,true,true,1971.0,0.1,0.99,0.011769445769190737,0.01
443,20,true,true,true,1971.0,0.1,0.99,0.01165175131149883,0.01
444,20,true,true,true,1971.0,0.1,0.99,0.011535233798383842,0.01
445,20,true,true,true,1971.0,0.1,0.99,0.011419881460400004,0.01
446,20,true,true,true,1971.0,0.1,0.99,0.011305682645796004,0.01
447,20,true,true,true,1971.0,0.1,0.99,0.011192625819338045,0.01
448,20,true,true,true,1971.0,0.1,0.99,0.011080699561144665,0.01
449,20,true,true,true,1971.0,0.1,0.99,0.010969892565533218,0.01
450,21,true,true,true,1960.0,0.1,0.99,0.010860193639877886,0.01
451,226,false,false,false,-2815.0,0.1,0.99,0.010751591703479106,0.01
452,20,true,true,true,1971.0,0.1,0.99,0.010644075786444315,0.01
453,2261,false,false,false,-7890.0,0.1,0.99,0.010537635028579873,0.01
454,20,true,true,true,1971.0,0.1,0.99,0.010432258678294073,0.01
455,20,true,true,true,1971.0,0.1,0.99,0.010327936091511133,0.01
456,20,true,true,true,1971.0,0.1,0.99,0.010224656730596022,0.01
457,20,true,true,true,1971.0,0.1,0.99,0.01012241016329006,0.01
458,22,true,true,true,1959.0,0.1,0.99,0.01002118606165716,0.01
459,20,true,true,true,1971.0,0.1,0.99,0.009920974201040588,0.01
460,20,true,true,true,1971.0,0.1,0.99,0.009920974201040588,0.01
461,20,true,true,true,1971.0,0.1,0.99,0.009920974201040588,0.01
462,20,true,true,true,1971.0,0.1,0.99,0.009920974201040588,0.01
463,20,true,true,true,1971.0,0.1,0.99,0.009920974201040588,0.01
464,20,true,true,true,1971.0,0.1,0.99,0.009920974201040588,0.01
465,20,true,true,true,1971.0,0.1,0.99,0.009920974201040588,0.01
466,20,true,true,true,1971.0,0.1,0.99,0.009920974201040588,0.01
467,20,true,true,true,1971.0,0.1,0.99,0.009920974201040588,0.01
468,20,true,true,true,1971.0,0.1,0.99,0.009920974201040588,0.01
469,23,false,true,true,-3032.0,0.1,0.99,0.009920974201040588,0.01
470,20,true,true,true,1971.0,0.1,0.99,0.009920974201040588,0.01
471,20,true,true,true,1971.0,0.1,0.99,0.009920974201040588,0.01
472,20,true,true,true,1971.0,0.1,0.99,0.009920974201040588,0.01
473,21,true,true,true,1970.0,0.1,0.99,0.009920974201040588,0.01
474,20,true,true,true,1971.0,0.1,0.99,0.009920974201040588,0.01
475,20,true,true,true,1971.0,0.1,0.99,0.009920974201040588,0.01
476,20,true,true,true,1971.0,0.1,0.99,0.009920974201040588,0.01
477,20,true,true,true,1971.0,0.1,0.99,0.009920974201040588,0.01
478,20,true,true,true,1971.0,0.1,0.99,0.009920974201040588,0.01
479,20,true,true,true,1971.0,0.1,0.99,0.009920974201040588,0.01
480,20,true,true,true,1971.0,0.1,0.99,0.009920974201040588,0.01
481,20,true,true,true,1971.0,0.1,0.99,0.009920974201040588,0.01
482,20,true,true,true,1971.0,0.1,0.99,0.009920974201040588,0.01
483,20,true,true,true,1971.0,0.1,0.99,0.009920974201040588,0.01
484,20,true,true,true,1971.0,0.1,0.99,0.009920974201040588,0.01
485,20,true,true,true,1971.0,0.1,0.99,0.009920974201040588,0.01
486,20,true,true,true,1971.0,0.1,0.99,0.009920974201040588,0.01
487,21,false,true,true,-3030.0,0.1,0.99,0.009920974201040588,0.01
488,20,true,true,true,1971.0,0.1,0.99,0.009920974201040588,0.01
489,21,true,true,true,1960.0,0.1,0.99,0.009920974201040588,0.01
490,20,true,true,true,1971.0,0.1,0.99,0.009920974201040588,0.01
491,20,true,true,true,1971.0,0.1,0.99,0.009920974201040588,0.01
492,20,true,true,true,1971.0,0.1,0.99,0.009920974201040588,0.01
493,20,true,true,true,1971.0,0.1,0.99,0.009920974201040588,0.01
494,20,true,true,true,1971.0,0.1,0.99,0.009920974201040588,0.01
495,20,true,true,true,1971.0,0.1,0.99,0.009920974201040588,0.01
496,20,true,true,true,1971.0,0.1,0.99,0.009920974201040588,0.01
497,54,false,false,false,-2083.0,0.1,0.99,0.009920974201040588,0.01
498,21,true,true,true,1470.0,0.1,0.99,0.009920974201040588,0.01
499,20,true,true,true,1971.0,0.1,0.99,0.009920974201040588,0.01
500,20,true,true,true,1971.0,0.1,0.99,0.009920974201040588,0.01
501,20,true,true,true,1971.0,0.1,0.99,0.009920974201040588,0.01
502,20,true,true,true,1971.0,0.1,0.99,0.009920974201040588,0.01
503,22,true,true,true,1969.0,0.1,0.99,0.009920974201040588,0.01
504,20,true,true,true,1971.0,0.1,0.99,0.009920974201040588,0.01
505,21,true,true,true,1970.0,0.1,0.99,0.009920974201040588,0.01
506,20,true,true,true,1971.0,0.1,0.99,0.009920974201040588,0.01
507,20,true,true,true,1971.0,0.1,0.99,0.009920974201040588,0.01
508,20,true,true,true,1971.0,0.1,0.99,0.009920974201040588,0.01
509,20,true,true,true,1971.0,0.1,0.99,0.009920974201040588,0.01
510,20,true,true,true,1971.0,0.1,0.99,0.009920974201040588,0.01
511,20,true,true,true,1971.0,0.1,0.99,0.009920974201040588,0.01
512,20,true,true,true,1971.0,0.1,0.99,0.009920974201040588,0.01
513,20,true,true,true,1971.0,0.1,0.99,0.009920974201040588,0.01
514,20,true,true,true,1971.0,0.1,0.99,0.009920974201040588,0.01
515,20,true,true,true,1971.0,0.1,0.99,0.009920974201040588,0.01
516,21,true,true,true,1470.0,0.1,0.99,0.009920974201040588,0.01
517,20,true,true,true,1971.0,0.1,0.99,0.009920974201040588,0.01
518,22,true,true,true,1969.0,0.1,0.99,0.009920974201040588,0.01
519,20,true,true,true,1971.0,0.1,0.99,0.009920974201040588,0.01
520,20,true,true,true,1971.0,0.1,0.99,0.009920974201040588,0.01
521,20,true,true,true,1971.0,0.1,0.99,0.009920974201040588,0.01
522,20,true,true,true,1971.0,0.1,0.99,0.009920974201040588,0.01
523,22,true,true,true,1969.0,0.1,0.99,0.009920974201040588,0.01
524,20,true,true,true,1971.0,0.1,0.99,0.009920974201040588,0.01
525,20,true,true,true,1971.0,0.1,0.99,0.009920974201040588,0.01
526,21,true,true,true,1960.0,0.1,0.99,0.009920974201040588,0.01
527,20,true,true,true,1971.0,0.1,0.99,0.009920974201040588,0.01
528,20,true,true,true,1971.0,0.1,0.99,0.009920974201040588,0.01
529,20,true,true,true,1971.0,0.1,0.99,0.009920974201040588,0.01
530,20,true,true,true,1971.0,0.1,0.99,0.009920974201040588,0.01
531,20,true,true,true,1971.0,0.1,0.99,0.009920974201040588,0.01
532,20,true,true,true,1971.0,0.1,0.99,0.009920974201040588,0.01
533,20,true,true,true,1971.0,0.1,0.99,0.009920974201040588,0.01
534,20,true,true,true,1971.0,0.1,0.99,0.009920974201040588,0.01
535,21,true,true,true,1970.0,0.1,0.99,0.009920974201040588,0.01
536,22,true,true,true,1469.0,0.1,0.99,0.009920974201040588,0.01
537,20,true,true,true,1971.0,0.1,0.99,0.009920974201040588,0.01
538,20,true,true,true,1971.0,0.1,0.99,0.009920974201040588,0.01
539,20,true,true,true,1971.0,0.1,0.99,0.009920974201040588,0.01
540,20,true,true,true,1971.0,0.1,0.99,0.009920974201040588,0.01
541,20,true,true,true,1971.0,0.1,0.99,0.009920974201040588,0.01
542,20,true,true,true,1971.0,0.1,0.99,0.009920974201040588,0.01
543,20,true,true,true,1971.0,0.1,0.99,0.009920974201040588,0.01
544,20,true,true,true,1971.0,0.1,0.99,0.009920974201040588,0.01
545,21,true,true,true,1960.0,0.1,0.99,0.009920974201040588,0.01
546,20,true,true,true,1971.0,0.1,0.99,0.009920974201040588,0.01
547,20,true,true,true,1971.0,0.1,0.99,0.009920974201040588,0.01
548,20,true,true,true,1971.0,0.1,0.99,0.009920974201040588,0.01
549,20,true,true,true,1971.0,0.1,0.99,0.009920974201040588,0.01
550,20,true,true,true,1971.0,0.1,0.99,0.009920974201040588,0.01
551,20,true,true,true,1971.0,0.1,0.99,0.009920974201040588,0.01
552,20,true,true,true,1971.0,0.1,0.99,0.009920974201040588,0.01
553,20,true,true,true,1971.0,0.1,0.99,0.009920974201040588,0.01
554,20,true,true,true,1971.0,0.1,0.99,0.009920974201040588,0.01
555,20,true,true,true,1971.0,0.1,0.99,0.009920974201040588,0.01
556,20,true,true,true,1971.0,0.1,0.99,0.009920974201040588,0.01
557,20,true,true,true,1971.0,0.1,0.99,0.009920974201040588,0.01
558,20,true,true,true,1971.0,0.1,0.99,0.009920974201040588,0.01
559,20,true,true,true,1971.0,0.1,0.99,0.009920974201040588,0.01
560,20,true,true,true,1971.0,0.1,0.99,0.009920974201040588,0.01
561,20,true,true,true,1971.0,0.1,0.99,0.009920974201040588,0.01
562,20,true,true,true,1971.0,0.1,0.99,0.009920974201040588,0.01
563,20,true,true,true,1971.0,0.1,0.99,0.009920974201040588,0.01
564,22,true,true,true,1969.0,0.1,0.99,0.009920974201040588,0.01
565,20,true,true,true,1971.0,0.1,0.99,0.009920974201040588,0.01
566,20,true,true,true,1971.0,0.1,0.99,0.009920974201040588,0.01
567,20,true,true,true,1971.0,0.1,0.99,0.009920974201040588,0.01
568,20,true,true,true,1971.0,0.1,0.99,0.009920974201040588,0.01
569,20,true,true,true,1971.0,0.1,0.99,0.009920974201040588,0.01
570,20,true,true,true,1971.0,0.1,0.99,0.009920974201040588,0.01
571,20,true,true,true,1971.0,0.1,0.99,0.009920974201040588,0.01
572,20,true,true,true,1971.0,0.1,0.99,0.009920974201040588,0.01
573,20,true,true,true,1971.0,0.1,0.99,0.009920974201040588,0.01
574,21,false,true,true,-2040.0,0.1,0.99,0.009920974201040588,0.01
575,20,true,true,true,1971.0,0.1,0.99,0.009920974201040588,0.01
576,20,true,true,true,1971.0,0.1,0.99,0.009920974201040588,0.01
577,20,true,true,true,1971.0,0.1,0.99,0.009920974201040588,0.01
578,20,true,true,true,1971.0,0.1,0.99,0.009920974201040588,0.01
579,20,true,true,true,1971.0,0.1,0.99,0.009920974201040588,0.01
580,21,true,true,true,1960.0,0.1,0.99,0.009920974201040588,0.01
581,23,true,true,true,1468.0,0.1,0.99,0.009920974201040588,0.01
582,20,false,true,true,-2029.0,0.1,0.99,0.009920974201040588,0.01
583,20,true,true,true,1971.0,0.1,0.99,0.009920974201040588,0.01
584,21,true,true,true,1470.0,0.1,0.99,0.009920974201040588,0.01
585,20,true,true,true,1971.0,0.1,0.99,0.009920974201040588,0.01
586,20,true,true,true,1971.0,0.1,0.99,0.009920974201040588,0.01
587,20,true,true,true,1971.0,0.1,0.99,0.009920974201040588,0.01
588,20,true,true,true,1971.0,0.1,0.99,0.009920974201040588,0.01
589,20,true,true,true,1971.0,0.1,0.99,0.009920974201040588,0.01
590,20,true,true,true,1971.0,0.1,0.99,0.009920974201040588,0.01
591,20,true,true,true,1971.0,0.1,0.99,0.009920974201040588,0.01
592,20,true,true,true,1971.0,0.1,0.99,0.009920974201040588,0.01
593,2752,false,false,false,-7341.0,0.1,0.99,0.009920974201040588,0.01
594,22,true,true,true,1459.0,0.1,0.99,0.009920974201040588,0.01
595,20,true,true,true,1971.0,0.1,0.99,0.009920974201040588,0.01
596,20,true,true,true,1971.0,0.1,0.99,0.009920974201040588,0.01
597,22,true,true,true,1459.0,0.1,0.99,0.009920974201040588,0.01
598,20,true,true,true,1971.0,0.1,0.99,0.009920974201040588,0.01
599,20,true,true,true,1971.0,0.1,0.99,0.009920974201040588,0.01
600,20,true,true,true,1971.0,0.1,0.99,0.009920974201040588,0.01
601,22,true,true,true,1459.0,0.1,0.99,0.009920974201040588,0.01
602,20,true,true,true,1971.0,0.1,0.99,0.009920974201040588,0.01
603,20,true,true,true,1971.0,0.1,0.99,0.009920974201040588,0.01
604,22,true,true,true,1459.0,0.1,0.99,0.009920974201040588,0.01
605,20,true,true,true,1971.0,0.1,0.99,0.009920974201040588,0.01
606,20,true,true,true,1971.0,0.1,0.99,0.009920974201040588,0.01
607,20,true,true,true,1971.0,0.1,0.99,0.009920974201040588,0.01
608,20,true,true,true,1971.0,0.1,0.99,0.009920974201040588,0.01
609,21,true,true,true,1960.0,0.1,0.99,0.009920974201040588,0.01
610,21,true,true,true,1960.0,0.1,0.99,0.009920974201040588,0.01
611,20,true,true,true,1971.0,0.1,0.99,0.009920974201040588,0.01
612,20,true,true,true,1971.0,0.1,0.99,0.009920974201040588,0.01
613,20,true,true,true,1971.0,0.1,0.99,0.009920974201040588,0.01
614,20,true,true,true,1971.0,0.1,0.99,0.009920974201040588,0.01
615,20,true,true,true,1971.0,0.1,0.99,0.009920974201040588,0.01
616,2,false,false,false,-2001.0,0.1,0.99,0.009920974201040588,0.01
617,20,true,true,true,1971.0,0.1,0.99,0.009920974201040588,0.01
618,21,true,true,true,1470.0,0.1,0.99,0.009920974201040588,0.01
619,20,true,true,true,1971.0,0.1,0.99,0.009920974201040588,0.01
620,20,true,true,true,1971.0,0.1,0.99,0.009920974201040588,0.01
621,20,true,true,true,1971.0,0.1,0.99,0.009920974201040588,0.01
622,20,true,true,true,1971.0,0.1,0.99,0.009920974201040588,0.01
623,20,true,true,true,1971.0,0.1,0.99,0.009920974201040588,0.01
624,20,true,true,true,1971.0,0.1,0.99,0.009920974201040588,0.01
625,20,true,true,true,1971.0,0.1,0.99,0.009920974201040588,0.01
626,20,true,true,true,1971.0,0.1,0.99,0.009920974201040588,0.01
627,20,true,true,true,1971.0,0.1,0.99,0.009920974201040588,0.01
628,21,true,true,true,1960.0,0.1,0.99,0.009920974201040588,0.01
629,20,true,true,true,1971.0,0.1,0.99,0.009920974201040588,0.01
630,20,true,true,true,1971.0,0.1,0.99,0.009920974201040588,0.01
631,20,true,true,true,1971.0,0.1,0.99,0.009920974201040588,0.01
632,20,true,true,true,1971.0,0.1,0.99,0.009920974201040588,0.01
633,20,true,true,true,1971.0,0.1,0.99,0.009920974201040588,0.01
634,20,true,true,true,1971.0,0.1,0.99,0.009920974201040588,0.01
635,20,true,true,true,1971.0,0.1,0.99,0.009920974201040588,0.01
636,20,true,true,true,1971.0,0.1,0.99,0.009920974201040588,0.01
637,20,true,true,true,1971.0,0.1,0.99,0.009920974201040588,0.01
638,23,true,true,true,1468.0,0.1,0.99,0.009920974201040588,0.01
639,23,true,true,true,1468.0,0.1,0.99,0.009920974201040588,0.01
640,20,true,true,true,1971.0,0.1,0.99,0.009920974201040588,0.01
641,20,true,true,true,1971.0,0.1,0.99,0.009920974201040588,0.01
642,21,true,true,true,1960.0,0.1,0.99,0.009920974201040588,0.01
643,21,true,true,true,1960.0,0.1,0.99,0.009920974201040588,0.01
644,20,true,true,true,1971.0,0.1,0.99,0.009920974201040588,0.01
645,21,true,true,true,1960.0,0.1,0.99,0.009920974201040588,0.01
646,20,true,true,true,1971.0,0.1,0.99,0.009920974201040588,0.01
647,20,true,true,true,1971.0,0.1,0.99,0.009920974201040588,0.01
648,20,true,true,true,1971.0,0.1,0.99,0.009920974201040588,0.01
649,20,true,true,true,1971.0,0.1,0.99,0.009920974201040588,0.01
650,20,true,true,true,1971.0,0.1,0.99,0.009920974201040588,0.01
651,20,true,true,true,1971.0,0.1,0.99,0.009920974201040588,0.01
652,20,true,true,true,1971.0,0.1,0.99,0.009920974201040588,0.01
653,20,true,true,true,1971.0,0.1,0.99,0.009920974201040588,0.01
654,21,true,true,true,1960.0,0.1,0.99,0.009920974201040588,0.01
655,20,true,true,true,1971.0,0.1,0.99,0.009920974201040588,0.01
656,20,true,true,true,1971.0,0.1,0.99,0.009920974201040588,0.01
657,20,true,true,true,1971.0,0.1,0.99,0.009920974201040588,0.01
658,20,true,true,true,1971.0,0.1,0.99,0.009920974201040588,0.01
659,20,true,true,true,1971.0,0.1,0.99,0.009920974201040588,0.01
660,20,true,true,true,1971.0,0.1,0.99,0.009920974201040588,0.01
661,20,true,true,true,1971.0,0.1,0.99,0.009920974201040588,0.01
662,20,true,true,true,1971.0,0.1,0.99,0.009920974201040588,0.01
663,20,true,true,true,1971.0,0.1,0.99,0.009920974201040588,0.01
664,20,true,true,true,1971.0,0.1,0.99,0.009920974201040588,0.01
665,20,true,true,true,1971.0,0.1,0.99,0.009920974201040588,0.01
666,20,true,true,true,1971.0,0.1,0.99,0.009920974201040588,0.01
667,20,true,true,true,1971.0,0.1,0.99,0.009920974201040588,0.01
668,20,true,true,true,1971.0,0.1,0.99,0.009920974201040588,0.01
669,20,true,true,true,1971.0,0.1,0.99,0.009920974201040588,0.01
670,20,true,true,true,1971.0,0.1,0.99,0.009920974201040588,0.01
671,20,true,true,true,1971.0,0.1,0.99,0.009920974201040588,0.01
672,21,true,true,true,1960.0,0.1,0.99,0.009920974201040588,0.01
673,20,true,true,true,1971.0,0.1,0.99,0.009920974201040588,0.01
674,20,true,true,true,1971.0,0.1,0.99,0.009920974201040588,0.01
675,20,true,true,true,1971.0,0.1,0.99,0.009920974201040588,0.01
676,20,true,true,true,1971.0,0.1,0.99,0.009920974201040588,0.01
677,20,true,true,true,1971.0,0.1,0.99,0.009920974201040588,0.01
678,20,true,true,true,1971.0,0.1,0.99,0.009920974201040588,0.01
679,20,true,true,true,1971.0,0.1,0.99,0.009920974201040588,0.01
680,20,true,true,true,1971.0,0.1,0.99,0.009920974201040588,0.01
681,21,true,true,true,1960.0,0.1,0.99,0.009920974201040588,0.01
682,20,true,true,true,1971.0,0.1,0.99,0.009920974201040588,0.01
683,20,true,true,true,1971.0,0.1,0.99,0.009920974201040588,0.01
684,20,true,true,true,1971.0,0.1,0.99,0.009920974201040588,0.01
685,20,true,true,true,1971.0,0.1,0.99,0.009920974201040588,0.01
686,20,true,true,true,1971.0,0.1,0.99,0.009920974201040588,0.01
687,20,true,true,true,1971.0,0.1,0.99,0.009920974201040588,0.01
688,20,true,true,true,1971.0,0.1,0.99,0.009920974201040588,0.01
689,20,true,true,true,1971.0,0.1,0.99,0.009920974201040588,0.01
690,20,true,true,true,1971.0,0.1,0.99,0.009920974201040588,0.01
691,20,true,true,true,1971.0,0.1,0.99,0.009920974201040588,0.01
692,20,true,true,true,1971.0,0.1,0.99,0.009920974201040588,0.01
693,21,true,true,true,1960.0,0.1,0.99,0.009920974201040588,0.01
694,20,true,true,true,1971.0,0.1,0.99,0.009920974201040588,0.01
695,20,true,true,true,1971.0,0.1,0.99,0.009920974201040588,0.01
696,20,true,true,true,1971.0,0.1,0.99,0.009920974201040588,0.01
697,20,true,true,true,1971.0,0.1,0.99,0.009920974201040588,0.01
698,22,true,true,true,1949.0,0.1,0.99,0.009920974201040588,0.01
699,20,true,true,true,1971.0,0.1,0.99,0.009920974201040588,0.01
700,20,true,true,true,1971.0,0.1,0.99,0.009920974201040588,0.01
701,20,true,true,true,1971.0,0.1,0.99,0.009920974201040588,0.01
702,20,true,true,true,1971.0,0.1,0.99,0.009920974201040588,0.01
703,20,true,true,true,1971.0,0.1,0.99,0.009920974201040588,0.01
704,20,true,true,true,1971.0,0.1,0.99,0.009920974201040588,0.01
705,23,true,true,true,1468.0,0.1,0.99,0.009920974201040588,0.01
706,20,true,true,true,1971.0,0.1,0.99,0.009920974201040588,0.01
707,20,true,true,true,1971.0,0.1,0.99,0.009920974201040588,0.01
708,21,true,true,true,1960.0,0.1,0.99,0.009920974201040588,0.01
709,20,true,true,true,1971.0,0.1,0.99,0.009920974201040588,0.01
710,20,true,true,true,1971.0,0.1,0.99,0.009920974201040588,0.01
711,20,true,true,true,1971.0,0.1,0.99,0.009920974201040588,0.01
712,20,true,true,true,1971.0,0.1,0.99,0.009920974201040588,0.01
713,20,true,true,true,1971.0,0.1,0.99,0.009920974201040588,0.01
714,20,true,true,true,1971.0,0.1,0.99,0.009920974201040588,0.01
715,20,true,true,true,1971.0,0.1,0.99,0.009920974201040588,0.01
716,20,true,true,true,1971.0,0.1,0.99,0.009920974201040588,0.01
717,20,true,true,true,1971.0,0.1,0.99,0.009920974201040588,0.01
718,20,true,true,true,1971.0,0.1,0.99,0.009920974201040588,0.01
719,21,true,true,true,1960.0,0.1,0.99,0.009920974201040588,0.01
720,20,true,true,true,1971.0,0.1,0.99,0.009920974201040588,0.01
721,20,true,true,true,1971.0,0.1,0.99,0.009920974201040588,0.01
722,20,true,true,true,1971.0,0.1,0.99,0.009920974201040588,0.01
723,20,true,true,true,1971.0,0.1,0.99,0.009920974201040588,0.01
724,20,true,true,true,1971.0,0.1,0.99,0.009920974201040588,0.01
725,20,true,true,true,1971.0,0.1,0.99,0.009920974201040588,0.01
726,20,true,true,true,1971.0,0.1,0.99,0.009920974201040588,0.01
727,22,true,true,true,1969.0,0.1,0.99,0.009920974201040588,0.01
728,21,true,true,true,1960.0,0.1,0.99,0.009920974201040588,0.01
729,21,true,true,true,1960.0,0.1,0.99,0.009920974201040588,0.01
730,21,true,true,true,1960.0,0.1,0.99,0.009920974201040588,0.01
731,20,true,true,true,1971.0,0.1,0.99,0.009920974201040588,0.01
732,20,true,true,true,1971.0,0.1,0.99,0.009920974201040588,0.01
733,20,true,true,true,1971.0,0.1,0.99,0.009920974201040588,0.01
734,20,true,true,true,1971.0,0.1,0.99,0.009920974201040588,0.01
735,20,true,true,true,1971.0,0.1,0.99,0.009920974201040588,0.01
736,20,true,true,true,1971.0,0.1,0.99,0.009920974201040588,0.01
737,20,true,true,true,1971.0,0.1,0.99,0.009920974201040588,0.01
738,1230,false,false,false,-4479.0,0.1,0.99,0.009920974201040588,0.01
739,20,true,true,true,1971.0,0.1,0.99,0.009920974201040588,0.01
740,20,true,true,true,1971.0,0.1,0.99,0.009920974201040588,0.01
741,20,true,true,true,1971.0,0.1,0.99,0.009920974201040588,0.01
742,20,true,true,true,1971.0,0.1,0.99,0.009920974201040588,0.01
743,20,true,true,true,1971.0,0.1,0.99,0.009920974201040588,0.01
744,20,true,true,true,1971.0,0.1,0.99,0.009920974201040588,0.01
745,20,true,true,true,1971.0,0.1,0.99,0.009920974201040588,0.01
746,20,true,true,true,1971.0,0.1,0.99,0.009920974201040588,0.01
747,20,true,true,true,1971.0,0.1,0.99,0.009920974201040588,0.01
748,20,true,true,true,1971.0,0.1,0.99,0.009920974201040588,0.01
749,20,true,true,true,1971.0,0.1,0.99,0.009920974201040588,0.01
750,20,true,true,true,1971.0,0.1,0.99,0.009920974201040588,0.01
751,21,true,true,true,1960.0,0.1,0.99,0.009920974201040588,0.01
752,23,true,true,true,1468.0,0.1,0.99,0.009920974201040588,0.01
753,20,true,true,true,1971.0,0.1,0.99,0.009920974201040588,0.01
754,20,true,true,true,1971.0,0.1,0.99,0.009920974201040588,0.01
755,21,true,true,true,1960.0,0.1,0.99,0.009920974201040588,0.01
756,20,true,true,true,1971.0,0.1,0.99,0.009920974201040588,0.01
757,20,true,true,true,1971.0,0.1,0.99,0.009920974201040588,0.01
758,20,true,true,true,1971.0,0.1,0.99,0.009920974201040588,0.01
759,20,true,true,true,1971.0,0.1,0.99,0.009920974201040588,0.01
760,20,true,true,true,1971.0,0.1,0.99,0.009920974201040588,0.01
761,20,true,true,true,1971.0,0.1,0.99,0.009920974201040588,0.01
762,21,true,true,true,1960.0,0.1,0.99,0.009920974201040588,0.01
763,21,true,true,true,1970.0,0.1,0.99,0.009920974201040588,0.01
764,20,true,true,true,1971.0,0.1,0.99,0.009920974201040588,0.01
765,21,true,true,true,1470.0,0.1,0.99,0.009920974201040588,0.01
766,20,true,true,true,1971.0,0.1,0.99,0.009920974201040588,0.01
767,20,true,true,true,1971.0,0.1,0.99,0.009920974201040588,0.01
768,20,true,true,true,1971.0,0.1,0.99,0.009920974201040588,0.01
769,20,true,true,true,1971.0,0.1,0.99,0.009920974201040588,0.01
770,20,true,true,true,1971.0,0.1,0.99,0.009920974201040588,0.01
771,20,true,true,true,1971.0,0.1,0.99,0.009920974201040588,0.01
772,20,true,true,true,1971.0,0.1,0.99,0.009920974201040588,0.01
773,20,true,true,true,1971.0,0.1,0.99,0.009920974201040588,0.01
774,1238,false,false,false,-4467.0,0.1,0.99,0.009920974201040588,0.01
775,20,true,true,true,1971.0,0.1,0.99,0.009920974201040588,0.01
776,20,true,true,true,1971.0,0.1,0.99,0.009920974201040588,0.01
777,20,true,true,true,1971.0,0.1,0.99,0.009920974201040588,0.01
778,20,true,true,true,1971.0,0.1,0.99,0.009920974201040588,0.01
779,20,true,true,true,1971.0,0.1,0.99,0.009920974201040588,0.01
780,20,true,true,true,1971.0,0.1,0.99,0.009920974201040588,0.01
781,20,true,true,true,1971.0,0.1,0.99,0.009920974201040588,0.01
782,20,true,true,true,1971.0,0.1,0.99,0.009920974201040588,0.01
783,20,true,true,true,1971.0,0.1,0.99,0.009920974201040588,0.01
784,20,true,true,true,1971.0,0.1,0.99,0.009920974201040588,0.01
785,6,false,true,false,-2015.0,0.1,0.99,0.009920974201040588,0.01
786,20,true,true,true,1971.0,0.1,0.99,0.009920974201040588,0.01
787,20,true,true,true,1971.0,0.1,0.99,0.009920974201040588,0.01
788,20,true,true,true,1971.0,0.1,0.99,0.009920974201040588,0.01
789,20,true,true,true,1971.0,0.1,0.99,0.009920974201040588,0.01
790,20,true,true,true,1971.0,0.1,0.99,0.009920974201040588,0.01
791,20,true,true,true,1971.0,0.1,0.99,0.009920974201040588,0.01
792,20,true,true,true,1971.0,0.1,0.99,0.009920974201040588,0.01
793,20,true,true,true,1971.0,0.1,0.99,0.009920974201040588,0.01
794,21,true,true,true,1960.0,0.1,0.99,0.009920974201040588,0.01
795,20,true,true,true,1971.0,0.1,0.99,0.009920974201040588,0.01
796,20,true,true,true,1971.0,0.1,0.99,0.009920974201040588,0.01
797,20,true,true,true,1971.0,0.1,0.99,0.009920974201040588,0.01
798,20,true,true,true,1971.0,0.1,0.99,0.009920974201040588,0.01
799,20,true,true,true,1971.0,0.1,0.99,0.009920974201040588,0.01
800,20,true,true,true,1971.0,0.1,0.99,0.009920974201040588,0.01
801,20,true,true,true,1971.0,0.1,0.99,0.009920974201040588,0.01
802,20,true,true,true,1971.0,0.1,0.99,0.009920974201040588,0.01
803,20,true,true,true,1971.0,0.1,0.99,0.009920974201040588,0.01
804,21,true,true,true,1970.0,0.1,0.99,0.009920974201040588,0.01
805,20,true,true,true,1971.0,0.1,0.99,0.009920974201040588,0.01
806,20,true,true,true,1971.0,0.1,0.99,0.009920974201040588,0.01
807,20,true,true,true,1971.0,0.1,0.99,0.009920974201040588,0.01
808,20,true,true,true,1971.0,0.1,0.99,0.009920974201040588,0.01
809,20,true,true,true,1971.0,0.1,0.99,0.009920974201040588,0.01
810,20,true,true,true,1971.0,0.1,0.99,0.009920974201040588,0.01
811,20,true,true,true,1971.0,0.1,0.99,0.009920974201040588,0.01
812,20,true,true,true,1971.0,0.1,0.99,0.009920974201040588,0.01
813,20,true,true,true,1971.0,0.1,0.99,0.009920974201040588,0.01
814,20,true,true,true,1971.0,0.1,0.99,0.009920974201040588,0.01
815,20,true,true,true,1971.0,0.1,0.99,0.009920974201040588,0.01
816,20,true,true,true,1971.0,0.1,0.99,0.009920974201040588,0.01
817,20,true,true,true,1971.0,0.1,0.99,0.009920974201040588,0.01
818,3,false,false,false,-2002.0,0.1,0.99,0.009920974201040588,0.01
819,20,true,true,true,1971.0,0.1,0.99,0.009920974201040588,0.01
820,20,true,true,true,1971.0,0.1,0.99,0.009920974201040588,0.01
821,20,true,true,true,1971.0,0.1,0.99,0.009920974201040588,0.01
822,20,true,true,true,1971.0,0.1,0.99,0.009920974201040588,0.01
823,20,true,true,true,1971.0,0.1,0.99,0.009920974201040588,0.01
824,20,true,true,true,1971.0,0.1,0.99,0.009920974201040588,0.01
825,20,true,true,true,1971.0,0.1,0.99,0.009920974201040588,0.01
826,20,true,true,true,1971.0,0.1,0.99,0.009920974201040588,0.01
827,20,true,true,true,1971.0,0.1,0.99,0.009920974201040588,0.01
828,20,true,true,true,1971.0,0.1,0.99,0.009920974201040588,0.01
829,20,true,true,true,1971.0,0.1,0.99,0.009920974201040588,0.01
830,20,true,true,true,1971.0,0.1,0.99,0.009920974201040588,0.01
831,22,true,true,true,1459.0,0.1,0.99,0.009920974201040588,0.01
832,20,true,true,true,1971.0,0.1,0.99,0.009920974201040588,0.01
833,20,true,true,true,1971.0,0.1,0.99,0.009920974201040588,0.01
834,20,true,true,true,1971.0,0.1,0.99,0.009920974201040588,0.01
835,23,true,true,true,1968.0,0.1,0.99,0.009920974201040588,0.01
836,20,true,true,true,1971.0,0.1,0.99,0.009920974201040588,0.01
837,20,true,true,true,1971.0,0.1,0.99,0.009920974201040588,0.01
838,20,true,true,true,1971.0,0.1,0.99,0.009920974201040588,0.01
839,20,true,true,true,1971.0,0.1,0.99,0.009920974201040588,0.01
840,20,true,true,true,1971.0,0.1,0.99,0.009920974201040588,0.01
841,20,true,true,true,1971.0,0.1,0.99,0.009920974201040588,0.01
842,20,true,true,true,1971.0,0.1,0.99,0.009920974201040588,0.01
843,20,true,true,true,1971.0,0.1,0.99,0.009920974201040588,0.01
844,20,true,true,true,1971.0,0.1,0.99,0.009920974201040588,0.01
845,20,true,true,true,1971.0,0.1,0.99,0.009920974201040588,0.01
846,20,true,true,true,1971.0,0.1,0.99,0.009920974201040588,0.01
847,20,true,true,true,1971.0,0.1,0.99,0.009920974201040588,0.01
848,20,true,true,true,1971.0,0.1,0.99,0.009920974201040588,0.01
849,4,false,false,false,-2003.0,0.1,0.99,0.009920974201040588,0.01
850,20,true,true,true,1971.0,0.1,0.99,0.009920974201040588,0.01
851,20,true,true,true,1971.0,0.1,0.99,0.009920974201040588,0.01
852,20,true,true,true,1971.0,0.1,0.99,0.009920974201040588,0.01
853,20,true,true,true,1971.0,0.1,0.99,0.009920974201040588,0.01
854,20,true,true,true,1971.0,0.1,0.99,0.009920974201040588,0.01
855,20,true,true,true,1971.0,0.1,0.99,0.009920974201040588,0.01
856,20,true,true,true,1971.0,0.1,0.99,0.009920974201040588,0.01
857,20,true,true,true,1971.0,0.1,0.99,0.009920974201040588,0.01
858,465,false,false,false,-3044.0,0.1,0.99,0.009920974201040588,0.01
859,20,true,true,true,1971.0,0.1,0.99,0.009920974201040588,0.01
860,20,true,true,true,1971.0,0.1,0.99,0.009920974201040588,0.01
861,20,true,true,true,1971.0,0.1,0.99,0.009920974201040588,0.01
862,20,true,true,true,1971.0,0.1,0.99,0.009920974201040588,0.01
863,20,true,true,true,1971.0,0.1,0.99,0.009920974201040588,0.01
864,20,true,true,true,1971.0,0.1,0.99,0.009920974201040588,0.01
865,20,true,true,true,1971.0,0.1,0.99,0.009920974201040588,0.01
866,20,true,true,true,1971.0,0.1,0.99,0.009920974201040588,0.01
867,20,true,true,true,1971.0,0.1,0.99,0.009920974201040588,0.01
868,17,false,true,true,-2026.0,0.1,0.99,0.009920974201040588,0.01
869,20,true,true,true,1971.0,0.1,0.99,0.009920974201040588,0.01
870,20,true,true,true,1971.0,0.1,0.99,0.009920974201040588,0.01
871,20,true,true,true,1971.0,0.1,0.99,0.009920974201040588,0.01
872,20,true,true,true,1971.0,0.1,0.99,0.009920974201040588,0.01
873,20,true,true,true,1971.0,0.1,0.99,0.009920974201040588,0.01
874,22,true,true,true,1969.0,0.1,0.99,0.009920974201040588,0.01
875,20,true,true,true,1971.0,0.1,0.99,0.009920974201040588,0.01
876,20,true,true,true,1971.0,0.1,0.99,0.009920974201040588,0.01
877,20,true,true,true,1971.0,0.1,0.99,0.009920974201040588,0.01
878,20,true,true,true,1971.0,0.1,0.99,0.009920974201040588,0.01
879,20,true,true,true,1971.0,0.1,0.99,0.009920974201040588,0.01
880,20,true,true,true,1971.0,0.1,0.99,0.009920974201040588,0.01
881,21,true,true,true,1960.0,0.1,0.99,0.009920974201040588,0.01
882,20,true,true,true,1971.0,0.1,0.99,0.009920974201040588,0.01
883,23,true,true,true,1958.0,0.1,0.99,0.009920974201040588,0.01
884,20,true,true,true,1971.0,0.1,0.99,0.009920974201040588,0.01
885,20,true,true,true,1971.0,0.1,0.99,0.009920974201040588,0.01
886,20,true,true,true,1971.0,0.1,0.99,0.009920974201040588,0.01
887,3,false,false,false,-2002.0,0.1,0.99,0.009920974201040588,0.01
888,20,true,true,true,1971.0,0.1,0.99,0.009920974201040588,0.01
889,20,true,true,true,1971.0,0.1,0.99,0.009920974201040588,0.01
890,20,true,true,true,1971.0,0.1,0.99,0.009920974201040588,0.01
891,20,true,true,true,1971.0,0.1,0.99,0.009920974201040588,0.01
892,20,true,true,true,1971.0,0.1,0.99,0.009920974201040588,0.01
893,20,true,true,true,1971.0,0.1,0.99,0.009920974201040588,0.01
894,20,true,true,true,1971.0,0.1,0.99,0.009920974201040588,0.01
895,20,true,true,true,1971.0,0.1,0.99,0.009920974201040588,0.01
896,20,true,true,true,1971.0,0.1,0.99,0.009920974201040588,0.01
897,20,true,true,true,1971.0,0.1,0.99,0.009920974201040588,0.01
898,21,true,true,true,1960.0,0.1,0.99,0.009920974201040588,0.01
899,20,true,true,true,1971.0,0.1,0.99,0.009920974201040588,0.01
900,20,true,true,true,1971.0,0.1,0.99,0.009920974201040588,0.01
901,20,true,true,true,1971.0,0.1,0.99,0.009920974201040588,0.01
902,20,true,true,true,1971.0,0.1,0.99,0.009920974201040588,0.01
903,20,true,true,true,1971.0,0.1,0.99,0.009920974201040588,0.01
904,20,true,true,true,1971.0,0.1,0.99,0.009920974201040588,0.01
905,21,true,true,true,1960.0,0.1,0.99,0.009920974201040588,0.01
906,20,true,true,true,1971.0,0.1,0.99,0.009920974201040588,0.01
907,20,true,true,true,1971.0,0.1,0.99,0.009920974201040588,0.01
908,20,true,true,true,1971.0,0.1,0.99,0.009920974201040588,0.01
909,21,true,true,true,1470.0,0.1,0.99,0.009920974201040588,0.01
910,20,true,true,true,1971.0,0.1,0.99,0.009920974201040588,0.01
911,21,true,true,true,1960.0,0.1,0.99,0.009920974201040588,0.01
912,20,true,true,true,1971.0,0.1,0.99,0.009920974201040588,0.01
913,20,true,true,true,1971.0,0.1,0.99,0.009920974201040588,0.01
914,22,true,true,true,1969.0,0.1,0.99,0.009920974201040588,0.01
915,22,true,true,true,1969.0,0.1,0.99,0.009920974201040588,0.01
916,21,true,true,true,1960.0,0.1,0.99,0.009920974201040588,0.01
917,20,true,true,true,1971.0,0.1,0.99,0.009920974201040588,0.01
918,20,true,true,true,1971.0,0.1,0.99,0.009920974201040588,0.01
919,20,true,true,true,1971.0,0.1,0.99,0.009920974201040588,0.01
920,21,true,true,true,1970.0,0.1,0.99,0.009920974201040588,0.01
921,22,true,true,true,1969.0,0.1,0.99,0.009920974201040588,0.01
922,20,true,true,true,1971.0,0.1,0.99,0.009920974201040588,0.01
923,20,true,true,true,1971.0,0.1,0.99,0.009920974201040588,0.01
924,20,true,true,true,1971.0,0.1,0.99,0.009920974201040588,0.01
925,20,true,true,true,1971.0,0.1,0.99,0.009920974201040588,0.01
926,20,true,true,true,1971.0,0.1,0.99,0.009920974201040588,0.01
927,20,true,true,true,1971.0,0.1,0.99,0.009920974201040588,0.01
928,20,true,true,true,1971.0,0.1,0.99,0.009920974201040588,0.01
929,20,true,true,true,1971.0,0.1,0.99,0.009920974201040588,0.01
930,20,true,true,true,1971.0,0.1,0.99,0.009920974201040588,0.01
931,20,true,true,true,1971.0,0.1,0.99,0.009920974201040588,0.01
932,21,true,true,true,1960.0,0.1,0.99,0.009920974201040588,0.01
933,20,true,true,true,1971.0,0.1,0.99,0.009920974201040588,0.01
934,20,true,true,true,1971.0,0.1,0.99,0.009920974201040588,0.01
935,20,true,true,true,1971.0,0.1,0.99,0.009920974201040588,0.01
936,20,true,true,true,1971.0,0.1,0.99,0.009920974201040588,0.01
937,22,true,true,true,1969.0,0.1,0.99,0.009920974201040588,0.01
938,20,true,true,true,1971.0,0.1,0.99,0.009920974201040588,0.01
939,20,true,true,true,1971.0,0.1,0.99,0.009920974201040588,0.01
940,20,true,true,true,1971.0,0.1,0.99,0.009920974201040588,0.01
941,20,true,true,true,1971.0,0.1,0.99,0.009920974201040588,0.01
942,21,true,true,true,1960.0,0.1,0.99,0.009920974201040588,0.01
943,20,true,true,true,1971.0,0.1,0.99,0.009920974201040588,0.01
944,22,true,true,true,1969.0,0.1,0.99,0.009920974201040588,0.01
945,20,true,true,true,1971.0,0.1,0.99,0.009920974201040588,0.01
946,20,true,true,true,1971.0,0.1,0.99,0.009920974201040588,0.01
947,20,true,true,true,1971.0,0.1,0.99,0.009920974201040588,0.01
948,20,true,true,true,1971.0,0.1,0.99,0.009920974201040588,0.01
949,20,true,true,true,1971.0,0.1,0.99,0.009920974201040588,0.01
950,20,true,true,true,1971.0,0.1,0.99,0.009920974201040588,0.01
951,20,true,true,true,1971.0,0.1,0.99,0.009920974201040588,0.01
952,20,true,true,true,1971.0,0.1,0.99,0.009920974201040588,0.01
953,20,true,true,true,1971.0,0.1,0.99,0.009920974201040588,0.01
954,20,true,true,true,1971.0,0.1,0.99,0.009920974201040588,0.01
955,20,true,true,true,1971.0,0.1,0.99,0.009920974201040588,0.01
956,20,true,true,true,1971.0,0.1,0.99,0.009920974201040588,0.01
957,20,true,true,true,1971.0,0.1,0.99,0.009920974201040588,0.01
958,20,true,true,true,1971.0,0.1,0.99,0.009920974201040588,0.01
959,20,true,true,true,1971.0,0.1,0.99,0.009920974201040588,0.01
960,20,true,true,true,1971.0,0.1,0.99,0.009920974201040588,0.01
961,23,true,true,true,1468.0,0.1,0.99,0.009920974201040588,0.01
962,20,true,true,true,1971.0,0.1,0.99,0.009920974201040588,0.01
963,20,true,true,true,1971.0,0.1,0.99,0.009920974201040588,0.01
964,20,true,true,true,1971.0,0.1,0.99,0.009920974201040588,0.01
965,20,true,true,true,1971.0,0.1,0.99,0.009920974201040588,0.01
966,20,true,true,true,1971.0,0.1,0.99,0.009920974201040588,0.01
967,20,true,true,true,1971.0,0.1,0.99,0.009920974201040588,0.01
968,20,true,true,true,1971.0,0.1,0.99,0.009920974201040588,0.01
969,20,true,true,true,1971.0,0.1,0.99,0.009920974201040588,0.01
970,20,true,true,true,1971.0,0.1,0.99,0.009920974201040588,0.01
971,20,true,true,true,1971.0,0.1,0.99,0.009920974201040588,0.01
972,20,true,true,true,1971.0,0.1,0.99,0.009920974201040588,0.01
973,20,true,true,true,1971.0,0.1,0.99,0.009920974201040588,0.01
974,23,true,true,true,1458.0,0.1,0.99,0.009920974201040588,0.01
975,20,true,true,true,1971.0,0.1,0.99,0.009920974201040588,0.01
976,20,true,true,true,1971.0,0.1,0.99,0.009920974201040588,0.01
977,20,true,true,true,1971.0,0.1,0.99,0.009920974201040588,0.01
978,20,true,true,true,1971.0,0.1,0.99,0.009920974201040588,0.01
979,20,true,true,true,1971.0,0.1,0.99,0.009920974201040588,0.01
980,20,true,true,true,1971.0,0.1,0.99,0.009920974201040588,0.01
981,20,true,true,true,1971.0,0.1,0.99,0.009920974201040588,0.01
982,20,true,true,true,1971.0,0.1,0.99,0.009920974201040588,0.01
983,20,true,true,true,1971.0,0.1,0.99,0.009920974201040588,0.01
984,20,true,true,true,1971.0,0.1,0.99,0.009920974201040588,0.01
985,20,true,true,true,1971.0,0.1,0.99,0.009920974201040588,0.01
986,20,true,true,true,1971.0,0.1,0.99,0.009920974201040588,0.01
987,20,true,true,true,1971.0,0.1,0.99,0.009920974201040588,0.01
988,20,true,true,true,1971.0,0.1,0.99,0.009920974201040588,0.01
989,20,true,true,true,1971.0,0.1,0.99,0.009920974201040588,0.01
990,20,true,true,true,1971.0,0.1,0.99,0.009920974201040588,0.01
991,20,true,true,true,1971.0,0.1,0.99,0.009920974201040588,0.01
992,21,true,true,true,1960.0,0.1,0.99,0.009920974201040588,0.01
993,20,true,true,true,1971.0,0.1,0.99,0.009920974201040588,0.01
994,20,true,true,true,1971.0,0.1,0.99,0.009920974201040588,0.01
995,21,true,true,true,1970.0,0.1,0.99,0.009920974201040588,0.01
996,20,true,true,true,1971.0,0.1,0.99,0.009920974201040588,0.01
997,20,true,true,true,1971.0,0.1,0.99,0.009920974201040588,0.01
998,20,true,true,true,1971.0,0.1,0.99,0.009920974201040588,0.01
999,20,true,true,true,1971.0,0.1,0.99,0.009920974201040588,0.01
